region,territoire,nb_etablissements,niveau
CENTRALE,BLITTA,10,prefecture
CENTRALE,MÔ,3,prefecture
CENTRALE,SOTOUBOUA,18,prefecture
CENTRALE,TCHAMBA,12,prefecture
CENTRALE,TCHAOUDJO,20,prefecture
KARA,ASSOLI,7,prefecture
KARA,BASSAR,14,prefecture
KARA,BINAH,9,prefecture
KARA,DANKPEN,7,prefecture
KARA,DOUFELGOU,11,prefecture
KARA,KOZAH,30,prefecture
KARA,KÉRAN,7,prefecture
MARITIME,AGOÈ-NYIVÉ,68,prefecture
MARITIME,AVÉ,14,prefecture
MARITIME,BAS-MONO,4,prefecture
MARITIME,GOLFE,236,prefecture
MARITIME,LACS,21,prefecture
MARITIME,VO,17,prefecture
MARITIME,YOTO,19,prefecture
MARITIME,ZIO,37,prefecture
PLATEAUX,AGOU,6,prefecture
PLATEAUX,AKÉBOU,2,prefecture
PLATEAUX,AMOU,6,prefecture
PLATEAUX,ANIÉ,10,prefecture
PLATEAUX,DANYI,3,prefecture
PLATEAUX,EST-MONO,3,prefecture
PLATEAUX,HAHO,22,prefecture
PLATEAUX,KLOTO,15,prefecture
PLATEAUX,KPÉLÉ,8,prefecture
PLATEAUX,MOYEN-MONO,6,prefecture
PLATEAUX,OGOU,27,prefecture
PLATEAUX,WAWA,4,prefecture
SAVANES,CINKASSÉ,18,prefecture
SAVANES,KPENDJAL-OUEST,4,prefecture
SAVANES,OTI,11,prefecture
SAVANES,OTI-SUD,5,prefecture
SAVANES,TANDJOARÉ,8,prefecture
SAVANES,TÔNE,16,prefecture
