indicateur,unit,annee,valeur,unit_corrigee,indicateur_propre
T abonnés Internet Fixe et Mobile (Toutes technologies),Nombre,2013,348192.0,Nombre,Total abonnés Internet Fixe et Mobile (Toutes technologies)
T abonnés Internet Fixe et Mobile (Toutes technologies),Nombre,2014,609095.0,Nombre,Total abonnés Internet Fixe et Mobile (Toutes technologies)
T abonnés Internet Fixe et Mobile (Toutes technologies),Nombre,2015,902748.0,Nombre,Total abonnés Internet Fixe et Mobile (Toutes technologies)
T abonnés Internet Fixe et Mobile (Toutes technologies),Nombre,2016,1570153.0,Nombre,Total abonnés Internet Fixe et Mobile (Toutes technologies)
T abonnés Internet Fixe et Mobile (Toutes technologies),Nombre,2017,2655799.0,Nombre,Total abonnés Internet Fixe et Mobile (Toutes technologies)
T abonnés Internet Fixe et Mobile (Toutes technologies),Nombre,2018,3686211.0,Nombre,Total abonnés Internet Fixe et Mobile (Toutes technologies)
T abonnés Internet Fixe et Mobile (Toutes technologies),Nombre,2019,3411809.0,Nombre,Total abonnés Internet Fixe et Mobile (Toutes technologies)
T abonnés Internet haut débit Fixe et Mobile,Nombre,2013,161877.0,Nombre,Total abonnés Internet haut débit Fixe et Mobile
T abonnés Internet haut débit Fixe et Mobile,Nombre,2014,255622.0,Nombre,Total abonnés Internet haut débit Fixe et Mobile
T abonnés Internet haut débit Fixe et Mobile,Nombre,2015,497941.0,Nombre,Total abonnés Internet haut débit Fixe et Mobile
T abonnés Internet haut débit Fixe et Mobile,Nombre,2016,1486188.0,Nombre,Total abonnés Internet haut débit Fixe et Mobile
T abonnés Internet haut débit Fixe et Mobile,Nombre,2017,2066408.0,Nombre,Total abonnés Internet haut débit Fixe et Mobile
T abonnés Internet haut débit Fixe et Mobile,Nombre,2018,2549258.0,Nombre,Total abonnés Internet haut débit Fixe et Mobile
T abonnés Internet haut débit Fixe et Mobile,Nombre,2019,2082203.0,Nombre,Total abonnés Internet haut débit Fixe et Mobile
T abonnés Internet mobiles (Toutes technologies),Nombre,2013,279437.0,Nombre,Total abonnés Internet mobiles (Toutes technologies)
T abonnés Internet mobiles (Toutes technologies),Nombre,2014,526984.0,Nombre,Total abonnés Internet mobiles (Toutes technologies)
T abonnés Internet mobiles (Toutes technologies),Nombre,2015,836676.0,Nombre,Total abonnés Internet mobiles (Toutes technologies)
T abonnés Internet mobiles (Toutes technologies),Nombre,2016,1521390.0,Nombre,Total abonnés Internet mobiles (Toutes technologies)
T abonnés Internet mobiles (Toutes technologies),Nombre,2017,2605249.0,Nombre,Total abonnés Internet mobiles (Toutes technologies)
T abonnés Internet mobiles (Toutes technologies),Nombre,2018,3660055.0,Nombre,Total abonnés Internet mobiles (Toutes technologies)
T abonnés Internet mobiles (Toutes technologies),Nombre,2019,3379910.0,Nombre,Total abonnés Internet mobiles (Toutes technologies)
T abonnés Internet mobiles (Haut débit),Nombre,2013,130019.0,Nombre,Total abonnés Internet mobiles (Haut débit)
T abonnés Internet mobiles (Haut débit),Nombre,2014,210448.0,Nombre,Total abonnés Internet mobiles (Haut débit)
T abonnés Internet mobiles (Haut débit),Nombre,2015,431869.0,Nombre,Total abonnés Internet mobiles (Haut débit)
T abonnés Internet mobiles (Haut débit),Nombre,2016,1437425.0,Nombre,Total abonnés Internet mobiles (Haut débit)
T abonnés Internet mobiles (Haut débit),Nombre,2017,2015858.0,Nombre,Total abonnés Internet mobiles (Haut débit)
T abonnés Internet mobiles (Haut débit),Nombre,2018,2524282.0,Nombre,Total abonnés Internet mobiles (Haut débit)
T abonnés Internet mobiles (Haut débit),Nombre,2019,2050304.0,Nombre,Total abonnés Internet mobiles (Haut débit)
Abonnés GPRS /EDGE Togo Cellulaire,Nombre,2013,39594.0,Nombre,Abonnés GPRS /EDGE Togo Cellulaire
Abonnés GPRS /EDGE Togo Cellulaire,Nombre,2014,31610.0,Nombre,Abonnés GPRS /EDGE Togo Cellulaire
Abonnés GPRS /EDGE Togo Cellulaire,Nombre,2015,23096.0,Nombre,Abonnés GPRS /EDGE Togo Cellulaire
Abonnés GPRS /EDGE Togo Cellulaire,Nombre,2016,15350.0,Nombre,Abonnés GPRS /EDGE Togo Cellulaire
Abonnés GPRS /EDGE Togo Cellulaire,Nombre,2017,12011.0,Nombre,Abonnés GPRS /EDGE Togo Cellulaire
Abonnés GPRS /EDGE Togo Cellulaire,Nombre,2018,29489.0,Nombre,Abonnés GPRS /EDGE Togo Cellulaire
Abonnés GPRS /EDGE Togo Cellulaire,Nombre,2019,1134.0,Nombre,Abonnés GPRS /EDGE Togo Cellulaire
Abonnés GPRS/EDGE Atlantique Telecom,Nombre,2013,109824.0,Nombre,Abonnés GPRS/EDGE Atlantique Telecom
Abonnés GPRS/EDGE Atlantique Telecom,Nombre,2014,284926.0,Nombre,Abonnés GPRS/EDGE Atlantique Telecom
Abonnés GPRS/EDGE Atlantique Telecom,Nombre,2015,381711.0,Nombre,Abonnés GPRS/EDGE Atlantique Telecom
Abonnés GPRS/EDGE Atlantique Telecom,Nombre,2016,68615.0,Nombre,Abonnés GPRS/EDGE Atlantique Telecom
Abonnés GPRS/EDGE Atlantique Telecom,Nombre,2017,577380.0,Nombre,Abonnés GPRS/EDGE Atlantique Telecom
Abonnés GPRS/EDGE Atlantique Telecom,Nombre,2018,1106284.0,Nombre,Abonnés GPRS/EDGE Atlantique Telecom
Abonnés GPRS/EDGE Atlantique Telecom,Nombre,2019,1328472.0,Nombre,Abonnés GPRS/EDGE Atlantique Telecom
Nombre de clients 3G Togo Cellulaire,Nombre,2013,130019.0,Nombre,Nombre de clients 3G Togo Cellulaire
Nombre de clients 3G Togo Cellulaire,Nombre,2014,210448.0,Nombre,Nombre de clients 3G Togo Cellulaire
Nombre de clients 3G Togo Cellulaire,Nombre,2015,431869.0,Nombre,Nombre de clients 3G Togo Cellulaire
Nombre de clients 3G Togo Cellulaire,Nombre,2016,1142917.0,Nombre,Nombre de clients 3G Togo Cellulaire
Nombre de clients 3G Togo Cellulaire,Nombre,2017,1610821.0,Nombre,Nombre de clients 3G Togo Cellulaire
Nombre de clients 3G Togo Cellulaire,Nombre,2018,1932767.0,Nombre,Nombre de clients 3G Togo Cellulaire
Nombre de clients 3G Togo Cellulaire,Nombre,2019,1242250.0,Nombre,Nombre de clients 3G Togo Cellulaire
Nombre de clients 3G Atlantique Telecom,Nombre,2013,0.0,Nombre,Nombre de clients 3G Atlantique Telecom
Nombre de clients 3G Atlantique Telecom,Nombre,2014,0.0,Nombre,Nombre de clients 3G Atlantique Telecom
Nombre de clients 3G Atlantique Telecom,Nombre,2015,0.0,Nombre,Nombre de clients 3G Atlantique Telecom
Nombre de clients 3G Atlantique Telecom,Nombre,2016,294508.0,Nombre,Nombre de clients 3G Atlantique Telecom
Nombre de clients 3G Atlantique Telecom,Nombre,2017,405037.0,Nombre,Nombre de clients 3G Atlantique Telecom
Nombre de clients 3G Atlantique Telecom,Nombre,2018,467873.0,Nombre,Nombre de clients 3G Atlantique Telecom
Nombre de clients 3G Atlantique Telecom,Nombre,2019,633580.0,Nombre,Nombre de clients 3G Atlantique Telecom
Nombre de clients 4G Togo Cellulaire,Nombre,2013,0.0,Nombre,Nombre de clients 4G Togo Cellulaire
Nombre de clients 4G Togo Cellulaire,Nombre,2014,0.0,Nombre,Nombre de clients 4G Togo Cellulaire
Nombre de clients 4G Togo Cellulaire,Nombre,2015,0.0,Nombre,Nombre de clients 4G Togo Cellulaire
Nombre de clients 4G Togo Cellulaire,Nombre,2016,0.0,Nombre,Nombre de clients 4G Togo Cellulaire
Nombre de clients 4G Togo Cellulaire,Nombre,2017,0.0,Nombre,Nombre de clients 4G Togo Cellulaire
Nombre de clients 4G Togo Cellulaire,Nombre,2018,123642.0,Nombre,Nombre de clients 4G Togo Cellulaire
Nombre de clients 4G Togo Cellulaire,Nombre,2019,174474.0,Nombre,Nombre de clients 4G Togo Cellulaire
Nombre de clients 4G Atlantique Telecom,Nombre,2013,0.0,Nombre,Nombre de clients 4G Atlantique Telecom
Nombre de clients 4G Atlantique Telecom,Nombre,2014,0.0,Nombre,Nombre de clients 4G Atlantique Telecom
Nombre de clients 4G Atlantique Telecom,Nombre,2015,0.0,Nombre,Nombre de clients 4G Atlantique Telecom
Nombre de clients 4G Atlantique Telecom,Nombre,2016,0.0,Nombre,Nombre de clients 4G Atlantique Telecom
Nombre de clients 4G Atlantique Telecom,Nombre,2017,0.0,Nombre,Nombre de clients 4G Atlantique Telecom
T Togo Cellulaire,Nombre,2013,169613.0,Nombre,Total Togo Cellulaire
T Togo Cellulaire,Nombre,2014,242058.0,Nombre,Total Togo Cellulaire
T Togo Cellulaire,Nombre,2015,454965.0,Nombre,Total Togo Cellulaire
T Togo Cellulaire,Nombre,2016,1158267.0,Nombre,Total Togo Cellulaire
T Togo Cellulaire,Nombre,2017,1622832.0,Nombre,Total Togo Cellulaire
T Togo Cellulaire,Nombre,2018,2085898.0,Nombre,Total Togo Cellulaire
T Togo Cellulaire,Nombre,2019,1417858.0,Nombre,Total Togo Cellulaire
T Atlantique Telecom,Nombre,2013,109824.0,Nombre,Total Atlantique Telecom
T Atlantique Telecom,Nombre,2014,284926.0,Nombre,Total Atlantique Telecom
T Atlantique Telecom,Nombre,2015,381711.0,Nombre,Total Atlantique Telecom
T Atlantique Telecom,Nombre,2016,363123.0,Nombre,Total Atlantique Telecom
T Atlantique Telecom,Nombre,2017,982417.0,Nombre,Total Atlantique Telecom
T Atlantique Telecom,Nombre,2018,1574157.0,Nombre,Total Atlantique Telecom
T Atlantique Telecom,Nombre,2019,1962052.0,Nombre,Total Atlantique Telecom
T Abonnés Internet Togo Telecom,Nombre,2013,65991.0,Nombre,Total Abonnés Internet Togo Telecom
T Abonnés Internet Togo Telecom,Nombre,2014,79621.0,Nombre,Total Abonnés Internet Togo Telecom
T Abonnés Internet Togo Telecom,Nombre,2015,63108.0,Nombre,Total Abonnés Internet Togo Telecom
T Abonnés Internet Togo Telecom,Nombre,2016,44613.0,Nombre,Total Abonnés Internet Togo Telecom
T Abonnés Internet Togo Telecom,Nombre,2017,45757.0,Nombre,Total Abonnés Internet Togo Telecom
T Abonnés Internet Togo Telecom,Nombre,2018,19340.0,Nombre,Total Abonnés Internet Togo Telecom
T Abonnés Internet Togo Telecom,Nombre,2019,23466.0,Nombre,Total Abonnés Internet Togo Telecom
LS point à point,Nombre,2013,448.0,Nombre,LS point à point
LS Internet,Nombre,2013,93.0,Nombre,LS Internet
LS Internet,Nombre,2014,104.0,Nombre,LS Internet
LS Internet,Nombre,2015,100.0,Nombre,LS Internet
LS Internet,Nombre,2016,116.0,Nombre,LS Internet
LS Internet,Nombre,2017,133.0,Nombre,LS Internet
LS Internet,Nombre,2018,148.0,Nombre,LS Internet
LS Internet,Nombre,2019,183.0,Nombre,LS Internet
Illiconet,Nombre,2013,36449.0,Nombre,Illiconet
Illiconet,Nombre,2014,36937.0,Nombre,Illiconet
Wimax,Nombre,2013,414.0,Nombre,Wimax
Wimax,Nombre,2014,494.0,Nombre,Wimax
Wimax,Nombre,2015,409.0,Nombre,Wimax
Wimax,Nombre,2016,462.0,Nombre,Wimax
Wimax,Nombre,2017,1068.0,Nombre,Wimax
Wimax,Nombre,2018,2167.0,Nombre,Wimax
Wimax,Nombre,2019,1806.0,Nombre,Wimax
ADSL,Nombre,2013,6822.0,Nombre,ADSL
ADSL,Nombre,2014,9626.0,Nombre,ADSL
ADSL,Nombre,2015,10185.0,Nombre,ADSL
ADSL,Nombre,2016,8299.0,Nombre,ADSL
ADSL,Nombre,2017,10536.0,Nombre,ADSL
ADSL,Nombre,2018,14957.0,Nombre,ADSL
ADSL,Nombre,2019,14589.0,Nombre,ADSL
EvDo,Nombre,2013,21765.0,Nombre,EvDo
EvDo,Nombre,2014,32460.0,Nombre,EvDo
EvDo,Nombre,2015,52414.0,Nombre,EvDo
EvDo,Nombre,2016,35736.0,Nombre,EvDo
EvDo,Nombre,2017,33928.0,Nombre,EvDo
FTTH,Nombre,2013,0.0,Nombre,FTTH
FTTH,Nombre,2014,0.0,Nombre,FTTH
FTTH,Nombre,2015,0.0,Nombre,FTTH
FTTH,Nombre,2016,0.0,Nombre,FTTH
FTTH,Nombre,2017,92.0,Nombre,FTTH
FTTH,Nombre,2018,2068.0,Nombre,FTTH
FTTH,Nombre,2019,6888.0,Nombre,FTTH
Abonnés CAFE,Nombre,2013,2764.0,Nombre,Abonnés CAFE
Abonnés CAFE,Nombre,2014,2490.0,Nombre,Abonnés CAFE
Abonnés CAFE,Nombre,2015,2964.0,Nombre,Abonnés CAFE
Abonnés CAFE,Nombre,2016,4150.0,Nombre,Abonnés CAFE
Abonnés CAFE,Nombre,2017,4793.0,Nombre,Abonnés CAFE
Abonnés CAFE,Nombre,2018,5619.0,Nombre,Abonnés CAFE
Abonnés CAFE,Nombre,2019,2334.0,Nombre,Abonnés CAFE
TEOLIS,Nombre,2013,0.0,Nombre,TEOLIS
TEOLIS,Nombre,2014,0.0,Nombre,TEOLIS
TEOLIS,Nombre,2015,0.0,Nombre,TEOLIS
TEOLIS,Nombre,2016,0.0,Nombre,TEOLIS
TEOLIS,Nombre,2017,0.0,Nombre,TEOLIS
TEOLIS,Nombre,2018,17.0,Nombre,TEOLIS
TEOLIS,Nombre,2019,154.0,Nombre,TEOLIS
GVA,Nombre,2013,0.0,Nombre,GVA
GVA,Nombre,2014,0.0,Nombre,GVA
GVA,Nombre,2015,0.0,Nombre,GVA
GVA,Nombre,2016,0.0,Nombre,GVA
GVA,Nombre,2017,0.0,Nombre,GVA
GVA,Nombre,2018,1180.0,Nombre,GVA
GVA,Nombre,2019,5945.0,Nombre,GVA
Taux de pénétration Internet (Toutes technologies) (%),Nombre,2013,5.24,Pourcentage,Taux de pénétration Internet (Toutes technologies) (%)
Taux de pénétration Internet (Toutes technologies) (%),Nombre,2014,8.95,Pourcentage,Taux de pénétration Internet (Toutes technologies) (%)
Taux de pénétration Internet (Toutes technologies) (%),Nombre,2015,12.94,Pourcentage,Taux de pénétration Internet (Toutes technologies) (%)
Taux de pénétration Internet (Toutes technologies) (%),Nombre,2016,21.98,Pourcentage,Taux de pénétration Internet (Toutes technologies) (%)
Taux de pénétration Internet (Toutes technologies) (%),Nombre,2017,36.31,Pourcentage,Taux de pénétration Internet (Toutes technologies) (%)
Taux de pénétration Internet (Toutes technologies) (%),Nombre,2018,49.55,Pourcentage,Taux de pénétration Internet (Toutes technologies) (%)
Taux de pénétration Internet (Toutes technologies) (%),Nombre,2019,44.79,Pourcentage,Taux de pénétration Internet (Toutes technologies) (%)
Taux de pénétration Internet haut débit (%),Nombre,2013,2.43,Pourcentage,Taux de pénétration Internet haut débit (%)
Taux de pénétration Internet haut débit (%),Nombre,2014,3.75,Pourcentage,Taux de pénétration Internet haut débit (%)
Taux de pénétration Internet haut débit (%),Nombre,2015,7.14,Pourcentage,Taux de pénétration Internet haut débit (%)
Taux de pénétration Internet haut débit (%),Nombre,2016,20.81,Pourcentage,Taux de pénétration Internet haut débit (%)
Taux de pénétration Internet haut débit (%),Nombre,2017,28.25,Pourcentage,Taux de pénétration Internet haut débit (%)
Taux de pénétration Internet haut débit (%),Nombre,2018,34.26,Pourcentage,Taux de pénétration Internet haut débit (%)
Taux de pénétration Internet haut débit (%),Nombre,2019,27.34,Pourcentage,Taux de pénétration Internet haut débit (%)
