region,prefecture,territoire,nb_agents_mobile_money,niveau
CENTRALE,BLITTA,BLITTA 1,75,commune
CENTRALE,BLITTA,BLITTA 2,9,commune
CENTRALE,BLITTA,BLITTA 3,6,commune
CENTRALE,MÔ,MÔ 1,25,commune
CENTRALE,MÔ,MÔ 2,7,commune
CENTRALE,SOTOUBOUA,SOTOUBOUA 1,151,commune
CENTRALE,SOTOUBOUA,SOTOUBOUA 2,107,commune
CENTRALE,SOTOUBOUA,SOTOUBOUA 3,97,commune
CENTRALE,TCHAMBA,TCHAMBA 1,52,commune
CENTRALE,TCHAMBA,TCHAMBA 2,85,commune
CENTRALE,TCHAMBA,TCHAMBA 3,68,commune
CENTRALE,TCHAOUDJO,TCHAOUDJO 1,1268,commune
CENTRALE,TCHAOUDJO,TCHAOUDJO 2,45,commune
CENTRALE,TCHAOUDJO,TCHAOUDJO 3,65,commune
CENTRALE,TCHAOUDJO,TCHAOUDJO 4,33,commune
KARA,ASSOLI,ASSOLI 1,169,commune
KARA,ASSOLI,ASSOLI 2,31,commune
KARA,ASSOLI,ASSOLI 3,28,commune
KARA,BASSAR,BASSAR 1,273,commune
KARA,BASSAR,BASSAR 2,54,commune
KARA,BASSAR,BASSAR 3,80,commune
KARA,BASSAR,BASSAR 4,29,commune
KARA,BINAH,BINAH 1,92,commune
KARA,BINAH,BINAH 2,120,commune
KARA,DANKPEN,DANKPEN 1,122,commune
KARA,DANKPEN,DANKPEN 2,31,commune
KARA,DANKPEN,DANKPEN 3,37,commune
KARA,DOUFELGOU,DOUFELGOU 1,114,commune
KARA,DOUFELGOU,DOUFELGOU 2,30,commune
KARA,DOUFELGOU,DOUFELGOU 3,40,commune
KARA,KOZAH,KOZAH 1,1366,commune
KARA,KOZAH,KOZAH 2,127,commune
KARA,KOZAH,KOZAH 3,34,commune
KARA,KOZAH,KOZAH 4,35,commune
KARA,KÉRAN,KÉRAN 1,91,commune
KARA,KÉRAN,KÉRAN 2,38,commune
KARA,KÉRAN,KÉRAN 3,10,commune
MARITIME,AGOÈ-NYIVÉ,AGOÈ-NYIVÉ 1,446,commune
MARITIME,AGOÈ-NYIVÉ,AGOÈ-NYIVÉ 2,37,commune
MARITIME,AGOÈ-NYIVÉ,AGOÈ-NYIVÉ 3,263,commune
MARITIME,AGOÈ-NYIVÉ,AGOÈ-NYIVÉ 4,258,commune
MARITIME,AGOÈ-NYIVÉ,AGOÈ-NYIVÉ 5,97,commune
MARITIME,AGOÈ-NYIVÉ,AGOÈ-NYIVÉ 6,297,commune
MARITIME,AVÉ,AVÉ 1,79,commune
MARITIME,AVÉ,AVÉ 2,49,commune
MARITIME,BAS-MONO,BAS-MONO 1,149,commune
MARITIME,BAS-MONO,BAS-MONO 2,34,commune
MARITIME,GOLFE,GOLFE 1,1256,commune
MARITIME,GOLFE,GOLFE 2,454,commune
MARITIME,GOLFE,GOLFE 3,281,commune
MARITIME,GOLFE,GOLFE 4,809,commune
MARITIME,GOLFE,GOLFE 5,1062,commune
MARITIME,GOLFE,GOLFE 6,482,commune
MARITIME,GOLFE,GOLFE 7,777,commune
MARITIME,LACS,LACS 1,172,commune
MARITIME,LACS,LACS 2,40,commune
MARITIME,LACS,LACS 3,443,commune
MARITIME,LACS,LACS 4,86,commune
MARITIME,VO,VO 1,211,commune
MARITIME,VO,VO 2,52,commune
MARITIME,VO,VO 3,100,commune
MARITIME,VO,VO 4,113,commune
MARITIME,YOTO,YOTO 1,82,commune
MARITIME,YOTO,YOTO 2,51,commune
MARITIME,YOTO,YOTO 3,27,commune
MARITIME,ZIO,ZIO 1,508,commune
MARITIME,ZIO,ZIO 2,81,commune
MARITIME,ZIO,ZIO 3,142,commune
MARITIME,ZIO,ZIO 4,48,commune
PLATEAUX,AGOU,AGOU 1,174,commune
PLATEAUX,AGOU,AGOU 2,50,commune
PLATEAUX,AKÉBOU,AKÉBOU 1,63,commune
PLATEAUX,AKÉBOU,AKÉBOU 2,24,commune
PLATEAUX,AMOU,AMOU 1,43,commune
PLATEAUX,AMOU,AMOU 2,31,commune
PLATEAUX,AMOU,AMOU 3,101,commune
PLATEAUX,ANIÉ,ANIÉ 1,237,commune
PLATEAUX,ANIÉ,ANIÉ 2,48,commune
PLATEAUX,DANYI,DANYI 1,99,commune
PLATEAUX,DANYI,DANYI 2,43,commune
PLATEAUX,EST-MONO,EST-MONO 1,69,commune
PLATEAUX,EST-MONO,EST-MONO 2,99,commune
PLATEAUX,EST-MONO,EST-MONO 3,41,commune
PLATEAUX,HAHO,HAHO 1,187,commune
PLATEAUX,HAHO,HAHO 2,54,commune
PLATEAUX,HAHO,HAHO 3,105,commune
PLATEAUX,HAHO,HAHO 4,107,commune
PLATEAUX,KLOTO,KLOTO 1,410,commune
PLATEAUX,KLOTO,KLOTO 2,57,commune
PLATEAUX,KLOTO,KLOTO 3,36,commune
PLATEAUX,KPÉLÉ,KPÉLÉ 1,184,commune
PLATEAUX,KPÉLÉ,KPÉLÉ 2,71,commune
PLATEAUX,MOYEN-MONO,MOYEN-MONO 1,39,commune
PLATEAUX,MOYEN-MONO,MOYEN-MONO 2,42,commune
PLATEAUX,OGOU,OGOU 1,271,commune
PLATEAUX,OGOU,OGOU 2,44,commune
PLATEAUX,OGOU,OGOU 3,85,commune
PLATEAUX,OGOU,OGOU 4,21,commune
PLATEAUX,WAWA,WAWA 1,172,commune
PLATEAUX,WAWA,WAWA 2,16,commune
PLATEAUX,WAWA,WAWA 3,56,commune
SAVANES,CINKASSÉ,CINKASSÉ 1,467,commune
SAVANES,CINKASSÉ,CINKASSÉ 2,76,commune
SAVANES,KPENDJAL,KPENDJAL 1,36,commune
SAVANES,KPENDJAL,KPENDJAL 2,5,commune
SAVANES,KPENDJAL-OUEST,KPENDJAL-OUEST 1,73,commune
SAVANES,KPENDJAL-OUEST,KPENDJAL-OUEST 2,56,commune
SAVANES,OTI,OTI 1,208,commune
SAVANES,OTI,OTI 2,160,commune
SAVANES,OTI-SUD,OTI-SUD 1,120,commune
SAVANES,OTI-SUD,OTI-SUD 2,39,commune
SAVANES,TANDJOARÉ,TANDJOARÉ 1,66,commune
SAVANES,TANDJOARÉ,TANDJOARÉ 2,93,commune
SAVANES,TÔNE,TÔNE 1,946,commune
SAVANES,TÔNE,TÔNE 2,76,commune
SAVANES,TÔNE,TÔNE 3,83,commune
SAVANES,TÔNE,TÔNE 4,175,commune
