region,territoire,nb_agents_mobile_money,niveau
CENTRALE,BLITTA,90,prefecture
CENTRALE,MÔ,32,prefecture
CENTRALE,SOTOUBOUA,355,prefecture
CENTRALE,TCHAMBA,205,prefecture
CENTRALE,TCHAOUDJO,1411,prefecture
KARA,ASSOLI,228,prefecture
KARA,BASSAR,436,prefecture
KARA,BINAH,212,prefecture
KARA,DANKPEN,190,prefecture
KARA,DOUFELGOU,184,prefecture
KARA,KOZAH,1562,prefecture
KARA,KÉRAN,139,prefecture
MARITIME,AGOÈ-NYIVÉ,1398,prefecture
MARITIME,AVÉ,128,prefecture
MARITIME,BAS-MONO,183,prefecture
MARITIME,GOLFE,5121,prefecture
MARITIME,LACS,741,prefecture
MARITIME,VO,476,prefecture
MARITIME,YOTO,160,prefecture
MARITIME,ZIO,779,prefecture
PLATEAUX,AGOU,224,prefecture
PLATEAUX,AKÉBOU,87,prefecture
PLATEAUX,AMOU,175,prefecture
PLATEAUX,ANIÉ,285,prefecture
PLATEAUX,DANYI,142,prefecture
PLATEAUX,EST-MONO,209,prefecture
PLATEAUX,HAHO,453,prefecture
PLATEAUX,KLOTO,503,prefecture
PLATEAUX,KPÉLÉ,255,prefecture
PLATEAUX,MOYEN-MONO,81,prefecture
PLATEAUX,OGOU,421,prefecture
PLATEAUX,WAWA,244,prefecture
SAVANES,CINKASSÉ,543,prefecture
SAVANES,KPENDJAL,41,prefecture
SAVANES,KPENDJAL-OUEST,129,prefecture
SAVANES,OTI,368,prefecture
SAVANES,OTI-SUD,159,prefecture
SAVANES,TANDJOARÉ,159,prefecture
SAVANES,TÔNE,1280,prefecture
